-- phpMyAdmin SQL Dump
-- version 5.2.1
-- https://www.phpmyadmin.net/
--
-- Máy chủ: 127.0.0.1
-- Thời gian đã tạo: Th10 14, 2024 lúc 04:35 AM
-- Phiên bản máy phục vụ: 10.4.32-MariaDB
-- Phiên bản PHP: 8.2.12

SET SQL_MODE = "NO_AUTO_VALUE_ON_ZERO";
START TRANSACTION;
SET time_zone = "+00:00";


/*!40101 SET @OLD_CHARACTER_SET_CLIENT=@@CHARACTER_SET_CLIENT */;
/*!40101 SET @OLD_CHARACTER_SET_RESULTS=@@CHARACTER_SET_RESULTS */;
/*!40101 SET @OLD_COLLATION_CONNECTION=@@COLLATION_CONNECTION */;
/*!40101 SET NAMES utf8mb4 */;

--
-- Cơ sở dữ liệu: `demo`
--

-- --------------------------------------------------------

--
-- Cấu trúc bảng cho bảng `categoryes`
--

CREATE TABLE `categoryes` (
  `id` int(11) NOT NULL,
  `name` varchar(225) NOT NULL,
  `slug` varchar(225) NOT NULL,
  `parent` int(11) NOT NULL
) ENGINE=InnoDB DEFAULT CHARSET=utf8mb4 COLLATE=utf8mb4_general_ci;

--
-- Đang đổ dữ liệu cho bảng `categoryes`
--

INSERT INTO `categoryes` (`id`, `name`, `slug`, `parent`) VALUES
(1, 'thế giới', 'the-gioi', 0),
(2, 'Thể thao', 'the-thao', 0),
(3, 'Quân sự', 'quan-su', 0),
(4, 'Pháp luật', 'phap-luat', 0),
(5, 'Giải trí', 'giai-tri', 0);

-- --------------------------------------------------------

--
-- Cấu trúc bảng cho bảng `items`
--

CREATE TABLE `items` (
  `id` int(11) NOT NULL,
  `title` varchar(225) NOT NULL,
  `excerpt` varchar(225) NOT NULL,
  `content` text NOT NULL,
  `img` varchar(225) NOT NULL,
  `category` int(11) NOT NULL,
  `featured` int(11) NOT NULL,
  `views` int(11) NOT NULL,
  `created_at` timestamp NOT NULL DEFAULT current_timestamp(),
  `updated_at` timestamp NOT NULL DEFAULT current_timestamp(),
  `author` int(11) NOT NULL
) ENGINE=InnoDB DEFAULT CHARSET=utf8mb4 COLLATE=utf8mb4_general_ci;

--
-- Đang đổ dữ liệu cho bảng `items`
--

INSERT INTO `items` (`id`, `title`, `excerpt`, `content`, `img`, `category`, `featured`, `views`, `created_at`, `updated_at`, `author`) VALUES
(1, 'Barca vùi dập Bayern ở Champions League', 'Raphinha mở tỷ số ngay phút đầu tiên, rồi ghi thêm hai bàn để hoàn tất hat-trick thứ hai của mùa giải cá nhân thăng hoa.', 'Raphinha mở tỷ số ngay phút đầu tiên, rồi ghi thêm hai bàn để hoàn tất hat-trick thứ hai của mùa giải cá nhân thăng hoa. Tiền đạo Robert Lewandowski cũng chọc thủng lưới đội bóng cũ nhưng không ăn mừng, còn HLV Hansi Flick giúp chủ nhà đòi nợ thành công trước CLB từng cùng ông đoạt cú ăn ba.\r\n\r\n<img src\"https://i1-thethao.vnecdn.net/2024/10/24/barca-raphinha-1729716479-4093-1729716548.jpg?w=0&h=0&q=100&dpr=2&fit=crop&s=I1XJPfdoXf4bWRWLL0TuVw\">\r\n\r\nRaphinha mừng bàn trong trận Barca thắng Bayern 4-1 trên sân Olimpic Lluis Companys, thành phố Barcelona, Tây Ban Nha tối 23/10/2024. Ảnh: AP\r\n\r\nÍt ai ngờ Barca có thể thắng đậm như vậy trước đối thủ kỵ giơ, khi cả hai cùng đạt phong độ cao ở giải quốc nội. Trong khi, Bayern còn có lợi thế đối đầu, khi toàn thắng năm trận gần nhất gặp Barca, ghi tới 19 bàn và chỉ thủng lưới hai lần. \"Barca báo thù Bayern bằng màn vùi dập\", là tiêu đề bài viết của báo Catalonia Mundo Deportivo sau trận.\r\n\r\nDù phải làm khách ở Catalonia, Bayern vẫn tự tin đẩy hàng thủ lên giữa sân để bắt việt vị, nhưng bị dội nước lạnh ngay phút đầu. Tiền vệ Fermin Lopez chọc khe nhanh cho Raphinha thoát xuống đối mặt, trước khi rê qua cả thủ môn Manuel Neuer để đệm bóng vào lưới trống.\r\n\r\nBarca cũng không ngần ngại đẩy cao đội hình gây áp lực dù dẫn trước, khiến trận đấu diễn ra trong thế đôi công. Phút 18, từ quả tạt của Serge Gnabry bên trái, Harry Kane bay người vô-lê cận thành. Nhưng đến phút 36, trung vệ Kim Min-jae đánh đầu phá hụt bóng, để Lopez chuyền ngang cho Lewandowski dễ dàng đệm vào lưới trống.\r\n\r\nTiền đạo Ba Lan giơ hai tay lên ám chỉ anh không mừng, dù đây là bàn thứ 700 trong sự nghiệp. Trước Lewandowski, mới có sáu cầu thủ chạm tới mốc này, lần lượt là Josef Bican, Ferenc Puskas, Pele, Romario, Cristiano Ronaldo và Lionel Messi.\r\n\r\nSân khấu trong thời lượng còn lại như để tôn vinh Raphinha. Phút 45, tiền vệ Marc Casado lật cánh cho Raphinha thoát xuống bên trái, đối mặt với trung vệ Dayot Upamecano. Ngôi sao Brazil kéo bóng vào trung lộ, trước cấm địa rồi cứa lòng chân phải không thuận về góc xa, hạ gục Neuer lần nữa.\r\n\r\n<img src\"https://i1-thethao.vnecdn.net/2024/10/24/raphinha-bayern-1729718534-9805-1729719010.jpg?w=680&h=0&q=100&dpr=1&fit=crop&s=FcwUVtvKMT7ZMZwDfeI07g\">\r\nRaphinha (trái) sút xa ghi bàn nâng tỷ số lên 3-1. Ảnh: Reuters.\r\n\r\nRaphinha rực sáng là phát hiện thú vị mùa này, bởi người hâm mộ Barca đã muốn đưa Nico Williams về thay anh trong kỳ chuyển nhượng hè 2024. Có CĐV thậm chí còn gạch tên của Raphinha trên áo số 11 Barca, thay vào đó là Williams. Ở họp báo trước trận, tiền vệ 28 tuổi đã thẳng thừng nói anh nổi giận khi thấy hình ảnh này, và coi đó là động lực thể hiện bản thân.\r\n\r\nRaphinha đã ghi chín bàn, kiến tạo sáu lần trong 13 trận cho Barca mùa này. Anh hoàn tất hat-trick vào lưới Bayern ở phút 56, từ đường chuyền dài của Lamine Yamal. Cựu tiền vệ CLB Leeds dốc xuống nhanh hơn Upamecano lẫn Kim, trước khi sút chìm chéo góc ấn định thắng lợi 4-1.\r\n\r\nRaphinha cũng trở thành cầu thủ thứ tư lập hat-trick vào lưới Bayern trong lịch sử Cup C1 lẫn Champions League, sau Roy Makaay, Sergio Aguero và Cristiano Ronaldo. Màn trình diễn này giúp anh nhận 9,6 điểm theo thống kê Fotmob. Còn với Bayern, họ đã thua ba trận liên tiếp trên sân khách ở Champions League.\r\n\r\nRaphinha và Vinicius Junior cùng lập hat-trick vào lưới CLB hàng đầu nước Đức, ngay trước thềm El Clasico tối 26/10. Trận đấu tới dự kiến sẽ hấp dẫn, với các cuộc so tài giữa Yamal và Kylian Mbappe, hay Dani Olmo với Jude Bellingham.', 'barca-raphinha-1729716479-4093-1729716548.jpg', 2, 0, 100, '2024-10-24 01:29:40', '2024-10-24 02:31:12', 1),
(2, 'Một ngày làm việc của CEO Apple', 'CEO Apple Tim Cook tiết lộ thời gian biểu hàng ngày và việc đầu tiên ông làm mỗi khi thức dậy.', 'CEO Apple Tim Cook tiết lộ thời gian biểu hàng ngày và việc đầu tiên ông làm mỗi khi thức dậy.\r\n\r\nLà CEO của một trong những tập đoàn lớn nhất thế giới, Tim Cook thường được hỏi về lịch trình một ngày của ông thế nào. Trả lời WSJ, ông cho biết ông thường thức dậy trước 5h.\r\n\r\nViệc đầu tiên CEO Apple làm là cầm iPhone lên để kiểm tra thông tin. Sau đó, ông đọc email và tập trung xem báo cáo doanh số để nắm bắt tình hình hoạt động của Apple trên toàn thế giới.\r\n\r\n\"Tôi đọc rất nhiều phản hồi của khách hàng về cách họ sử dụng sản phẩm, công dụng mà chúng đem lại. Có cả ý kiến tích cực và không tích cực. Tôi nghĩ điều này thật tuyệt vì chúng giúp tôi nắm rõ tình hình của công ty\", Cook nói.\r\n\r\nNgười đứng đầu Apple cho biết ông thường tự hỏi \"những phản hồi này có đúng hay không\" và giải thích cho khách hàng thay vì đơn thuần bảo vệ quan điểm của bản thân và công ty.\r\n\r\n<img src\"https://i1-sohoa.vnecdn.net/2024/10/23/DSCF7717-5369-1729657876.jpg?w=680&h=0&q=100&dpr=1&fit=crop&s=7REZMUBdjB2tgtWfNONfSg\">\r\nCEO Apple Tim Cook đến thăm một trường học sáng 16/4/2024 tại Hà Nội. Ảnh: Tuấn Hưng\r\n\r\nSau khi hoàn thành công việc đầu ngày, Tim Cook sẽ đến phòng tập. Ông thường nghe nhạc rock cổ điển khi tập thể dục. Khi di chuyển, ông mang theo iPad Pro, còn khi ở văn phòng, bàn làm việc của ông có cả MacBook Air, MacBook Pro và iMac.\r\n\r\nThói quen đọc email mỗi sáng từng được Cook đề cập, nhưng điểm thay đổi là hiện ông chuyển sang sử dụng công cụ Apple Intelligence để tóm tắt nội dung. \"Tôi có thể tiết kiệm những khoảng thời gian nhỏ, từ đó sẽ có thể cộng dồn thành một điều gì đó khác biệt theo từng ngày, từng tuần, từng tháng\", ông nói. \"Apple Intelligence thực sự thay đổi cuộc đời tôi\".\r\n\r\nApple dự kiến ra mắt Apple Intelligence trong bản cập nhật iOS 18.1 cuối tháng 10. Hãng lần đầu đưa ra khái niệm Apple Intelligence - hệ thống trí tuệ cá nhân cho iPhone, iPad và máy Mac - tại sự kiện WWDC 2024 ngày 10/6. Bộ công cụ AI này có thể tự nhận diện thông báo, tin nhắn quan trọng, tổng hợp nội dung email, viết lại đoạn văn hay xóa vật thể trong ảnh. Khi ra mắt, Cook gọi đây là \"chương mới của Apple\", hứa hẹn thay đổi hoàn toàn cách người dùng sử dụng sản phẩm.', 'DSCF7717-5369-1729657876.jpg', 3, 0, 0, '2024-10-24 01:29:40', '2024-10-24 02:31:12', 2),
(3, 'Huỳnh Thánh Y: \'Tôi muốn ly hôn nhưng quá nhiều ràng buộc\'', 'Diễn viên Trung Quốc Huỳnh Thánh Y cho biết cân nhắc ly dị nhiều năm nhưng chưa thực hiện vì ràng buộc kinh tế, gia đình.', 'Theo Sina, mối quan hệ giữa Thánh Y và doanh nhân Dương Tử là tâm điểm chú ý của làng giải trí, khi họ công khai các \"góc khuất\" hôn nhân, ở show thực tế Tạm biệt người yêu, phát cuối tuần trước. Người đẹp 41 tuổi thừa nhận không hạnh phúc, ba năm qua chỉ nghĩ đến chia tay nhưng điều này thực sự khó thực hiện với cô, vì các mối liên hệ như con cái, công việc.\r\n\r\n<img src=\"https://i1-giaitri.vnecdn.net/2024/10/23/y1-jpeg-4963-1729650748.jpg?w=680&h=0&q=100&dpr=1&fit=crop&s=A8taiWFO-o2UyJU-SURZNQ\">\r\n\r\nHuỳnh Thánh Y và Dương Tử. Ảnh: Cosmo\r\n\r\nHọ có hai con trai, 12 tuổi và bảy tuổi. Huỳnh Thánh Y nói chồng lơ là chăm con, chỉ có cô đưa hai bé đi chơi. Về việc nuôi dạy con, cô không khác người mẹ đơn thân. Cô mong chồng thay đổi, dành thời gian cho con nhiều hơn. Trong khi Dương Tử nói theo truyền thống, phụ nữ nên là người chăm lo, vun vén gia đình. Doanh nhân tiết lộ vợ chồng từng ly thân năm 2022 nhưng quay lại vì \"không thù ghét nhau\" và nghĩ cho con.\r\n\r\nTheo Ifeng, ràng buộc tài chính giữa Huỳnh Thánh Y và Dương Tử phức tạp, khiến ly hôn trở nên khó khăn. Phần lớn tài sản của cả hai đến từ tập đoàn Juli mà gia đình Dương Tử thành lập, kinh doanh các lĩnh vực xây dựng, năng lượng, rượu, bất động sản, sản xuất phim. Juli Sling - công ty thuộc tập đoàn - được định giá hơn 3,1 tỷ nhân dân tệ (434 triệu USD).\r\n\r\nHiện, Dương Tử và Huỳnh Thánh Y cùng nắm cổ phần ở hai công ty thuộc tập đoàn. Trong đó, Thánh Y thuộc quản lý của Juli Media - công ty giải trí mà Dương Tử là đại diện pháp nhân. Hơn 10 năm qua, hợp đồng công việc của Huỳnh Thánh Y do Dương Tử và người quản lý ký kết, cô chỉ làm theo. Nếu ly hôn, cô đối diện một loạt vấn đề liên quan tài sản, sự nghiệp ở làng giải trí.', 'y1-jpeg-4963-1729650748.jpg', 5, 0, 100, '2024-10-24 02:39:15', '2024-10-24 02:39:15', 2),
(4, 'Tình yêu động vật qua sách \'Ký sự người nuôi chó\'', 'Tác giả Hoàng Hải Vân viết những trải nghiệm riêng về quá trình nuôi dạy loài chó Phú Quốc, trong ấn phẩm mới ra mắt.', 'Tác giả Hoàng Hải Vân viết những trải nghiệm riêng về quá trình nuôi dạy loài chó Phú Quốc, trong ấn phẩm mới ra mắt.\r\n\r\nSách ra mắt trong tháng 10, gồm 34 bài viết từng được đăng nhiều kỳ trên báo Thanh Niên, về câu chuyện tác giả nuôi dưỡng, đồng hành đàn chó của ông. Từ đó, ông Hoàng Hải Vân rút ra triết lý sống riêng cho bản thân, cũng như nhận định về mối quan hệ tình cảm giữa người và động vật.\r\n\r\nTừ hai con chó Bim và Tuti được tặng, sau quá trình nuôi dưỡng và nhân giống, ông có thêm gần chục con. Những con cún được ông đặt tên bằng các loại rau củ, trái cây như Chuối, Ổi, Bầu, Bí, Ớt, Gừng, Nghệ, Hành. Ban đầu, tác giả chăm sóc chúng ở thành phố, nhưng khi dần nhận thấy môi trường sống không ổn định, ông chuyển về quê để gần gũi thiên nhiên.\r\n\r\nTrong sách, tác giả cho biết hai năm trước, ông từng cười khi có ai đó nói không nên cho chó ăn xương cứng và nhọn. Nhưng lúc đàn con của Bim và Tuti tầm ba tháng tuổi, sự chủ quan của ông vô tình làm chết ba con chó, \"giờ nghĩ lại vẫn không thể tự tha thứ cho mình\", ông nói.\r\n\r\nSau lần đó, ông Hoàng Hải Vân rút kinh nghiệm, học hỏi thêm nhiều điều từ chương trình Dog Whisperer with Cesar Millan của người dạy chó nổi tiếng người Mexico. Chuyên gia này quan niệm người nuôi chó không phải là người sở hữu, cũng không phải là chủ của những con chó, mà nên trở thành bạn của vật nuôi.\r\n\r\n<img src=\"https://i1-giaitri.vnecdn.net/2024/10/22/bia-1-ky-su-nguoi-nuoi-cho-113-5307-9800-1729597392.jpg?w=680&h=0&q=100&dpr=1&fit=crop&s=0n-TCQ8_rcndTXpiUwc-FQ\">\r\nBìa \"Ký sự người nuôi chó\", sách 196 trang. Ảnh: ChiBooks\r\n\r\nSách viết bằng ngôn từ đời thường, gần gũi với độc giả đại chúng. Tác giả nhận định phẩm chất của người nuôi quyết định đến tính cách của động vật. Nuôi chó không chỉ đơn thuần là yêu thương, mà còn đòi hỏi người chủ phải có sự chuẩn bị kỹ lưỡng. Tác giả đặt câu hỏi: Bạn có sẵn sàng chịu trách nhiệm về mọi quyết định, hành động và sự an toàn của chúng không?\r\n\r\nTheo tác giả, chó là giống loài hiền lành, trung thành với con người. Chúng cảnh giác với bất kỳ sự đe dọa từ người và những con vật khác, nhưng không thích \"gây chiến\" và cũng không có thù hận. Khi quan sát và chăm sóc chó, người chủ có thể học được tính kiên nhẫn. Chúng dạy con người sống trọn vẹn với khoảnh khắc hiện tại, đồng thời trân trọng mối quan hệ xung quanh. Cũng bởi sự gắn bó mật thiết, khi loài vật này qua đời, chúng được tiếc thương như một thành viên trong gia đình. Có những chú chó cưng qua đời để lại khoảng trống lớn trong lòng người chủ, nhắc nhở về giá trị của tình yêu thương và sự gắn kết.\r\n\r\n<img src=\"https://i1-giaitri.vnecdn.net/2024/10/22/cc23abf08da435fa6cb5-172959712-3409-7531-1729597392.jpg?w=680&h=0&q=100&dpr=1&fit=crop&s=v6TGmY5sgp6H7ekMy4f8zA\">\r\n\r\nTác giả Hoàng Hải Vân trong buổi ra mắt sách ngày 22/10 tại TP HCM. Ảnh: Quế Chi\r\n\r\nTại buổi ra mắt sách chiều 22/10 ở TP HCM, tác giả cho biết dành nhuận bút sách Ký sự người nuôi chó để góp phần chăm lo các trẻ em nghèo tiếp tục đến trường. Trong chương trình, công ty Chibooks tặng hơn 1.000 cuốn sách gửi đến chương trình Cùng con đi tiếp cuộc đời do báo Thanh Niên thực hiện.', 'bia-1-ky-su-nguoi-nuoi-cho-113-5307-9800-1729597392.jpg', 5, 0, 100, '2024-10-24 02:42:10', '2024-10-24 02:42:10', 3),
(5, 'Phim 18+ \'Cô dâu hào môn\' bị quay lén, tung lên mạng', 'Nhà sản xuất phim 18+ \"Cô dâu hào môn\" bức xúc vì bị người xem quay lén trong rạp, tung lên TikTok, tiết lộ cái kết.', 'Nhà sản xuất phim 18+ \"Cô dâu hào môn\" bức xúc vì bị người xem quay lén trong rạp, tung lên TikTok, tiết lộ cái kết.\r\n\r\nSau khi phim công chiếu hôm 22/10, mạng xã hội xuất hiện nhiều đoạn video được ghi lại trong rạp, xoay quanh một số phân đoạn quan trọng của phim. Chẳng hạn, cảnh gia đình ông Hòa (Kiều Minh Tuấn) và bà Phượng đối đầu, tiết lộ thân phận thật, được một số người dùng TikTok đăng tải, thu hút hàng trăm nghìn lượt tương tác. Một tài khoản đăng cảnh video hé lộ biến cố quá khứ của dàn nhân vật, đạt hơn một triệu lượt xem.\r\n\r\n<img src=\"https://i1-giaitri.vnecdn.net/2024/10/23/co-dau-hao-mon-quay-len-3-4130-1729665460.jpg?w=680&h=0&q=100&dpr=1&fit=crop&s=FigY1XIzEUiaq-7H7NnNZw\">\r\n\r\nCảnh Thu Trang (vai bà Phượng) cùng dàn diễn viên ở kết phim bị lộ, thu hút hơn 44.000 lượt tương tác. Ảnh chụp màn hình\r\n\r\nĐoạn kết về chuyện tình của Tú Lạc (Uyển Ân đóng) và Bảo Hoàng (Samuel An) cũng bị tung lên mạng. Đạo diễn Vũ Ngọc Đãng bức xúc, cho biết việc quay lén ảnh hưởng đến doanh thu của phim, do dự án mới ra rạp, chặng đường phát hành còn dài. Theo anh, các video đều có chất lượng thấp, ảnh hưởng đến trải nghiệm thưởng thức của người xem.\r\n\r\nSáng 23/10, ông Huy Hoàng - đại diện truyền thông của phim - cho biết đang tổng hợp các video ghi hình trái phép, liên hệ TikTok để nền tảng này xử lý theo quy trình. Nhà sản xuất cùng đơn vị bảo vệ bản quyền sẽ từng bước báo cáo các trường hợp vi phạm. \"Bên cạnh đăng các trích đoạn, nhiều tài khoản còn cắt video theo từng phần, đăng cả nội dung bộ phim, đồng thời hashtag tên phim để thu hút thêm lượt truy cập, đăng ký theo dõi\", đại diện phim cho biết.\r\n\r\n<img src=\"https://i1-giaitri.vnecdn.net/2024/10/23/co-dau-hao-mon-quay-len-6613-1729658406.jpg?w=680&h=0&q=100&dpr=1&fit=crop&s=2MwrmNlbPa3V1kvIPBYMWg\">\r\n\r\nUyển Ân (phải) - vai chính Lạc Tú - và Samuel An - vai Bảo Hoàng. Ảnh: Galaxy\r\n\r\nVấn nạn quay lén tác phẩm điện ảnh, tung lên mạng xã hội tồn tại từ lâu. Tết 2023, phim Nhà bà Nữ của Trấn Thành, Chị chị em em 2 của Vũ Ngọc Đãng cũng liên tục bị \"spoil\" các tình tiết quan trọng trên TikTok. Các đơn vị làm phim cho rằng khó thống kê thiệt hại bằng con số, bởi những đoạn bị lộ là các cảnh đắt giá, nằm trong mạch nội dung chính.\r\n\r\nNăm 2017, nhà sản xuất Ngô Thanh Vân gửi đơn tố cáo lên công an Bà Rịa - Vũng Tàu việc bị một khán giả livestream phim Cô Ba Sài Gòn chiếu ở rạp trên địa bàn. Thanh niên này sau đó bị cơ quan chức năng phạt hành chính 15 triệu đồng.\r\n\r\nĐiều 27, Nghị định 131/2013 của Chính phủ quy định xử phạt hành chính về quyền tác giả và quyền liên quan, hành vi sao chép bản ghi âm, ghi hình mà không được phép của chủ sở hữu quyền của nhà sản xuất bản ghi âm, ghi hình bị phạt tiền từ 15 triệu đồng đến 35 triệu đồng. Theo điều 225, Bộ luật Hình sự 2015 - quy định về xâm phạm quyền tác giả, quyền liên quan, người phạm tội bị phạt tiền từ 300 triệu đồng đến một tỷ đồng hoặc phạt tù từ sáu tháng đến ba năm nếu thu lợi bất chính 300 triệu đồng trở lên, hoặc gây thiệt hại cho chủ thể quyền tác giả, quyền liên quan 500 triệu đồng trở lên.', 'co-dau-hao-mon-quay-len-3-4130-1729665460.jpg', 5, 0, 100, '2024-10-24 02:44:16', '2024-10-24 02:44:16', 4),
(6, 'AI tạo video yêu quái \'Tây du ký\' 1986', 'Công nghệ AI của Trung Quốc tạo video nhân vật Bạch Cốt Tinh, yêu nhền nhện biến hình trong \"Tây du ký\" 1986, gây chú ý với khán giả.', 'Công nghệ AI của Trung Quốc tạo video nhân vật Bạch Cốt Tinh, yêu nhền nhện biến hình trong \"Tây du ký\" 1986, gây chú ý với khán giả.\r\n\r\nNgày 22/10, các video kết hợp giữa bộ phim kinh điển của Trung Quốc và kỹ xảo trí tuệ nhân tạo (AI) hiện đại vào top chủ đề nổi bật trên Douyin, thu hút hàng trăm nghìn bình luận. Đoạn phim do một công ty phát triển kỹ xảo thực hiện, biến các diễn viên đóng yêu nhền nhện thành con vật khổng lồ, Bạch Thử Tinh thành con chuột trắng, Hồ Ly Tinh hóa sói mắt sáng.\r\nTuy vậy, cũng có loạt ý kiến nhận xét các yêu tinh do AI tạo giống nhân vật trong phim phương Tây, làm giảm sắc màu của câu chuyện thần thoại phương Đông. Khán giả viết: \"Đúng là nếu có công nghệ như ngày nay, Tây du ký trọn vẹn hơn rất nhiều. Nhưng phim vốn đã là một kỳ tích, nhờ nội dung, diễn xuất, tinh thần tác phẩm, bất chấp kỹ xảo yếu\", \"Không có nội dung tốt, công nghệ tuyệt vời đến đâu cũng không đủ làm nên phim hay\".\r\n\r\n<img src=\"https://i1-giaitri.vnecdn.net/2024/10/22/yeu-tinh1-2786-1729587382.jpg?w=680&h=0&q=100&dpr=1&fit=crop&s=I6MoFChKm2bwUzGQ-3e-2Q\">\r\n\r\nĐường Tăng và dàn yêu quái nhện trong \"Tây du ký\". Ảnh: Mtime\r\n\r\nTây du ký khởi quay năm 1982 và chiếu lần đầu năm 1986, do Dương Khiết (1929-2017) đạo diễn, Vương Sùng Thu quay phim cùng dàn diễn viên chính Lục Tiểu Linh Đồng, Mã Đức Hoa, Trì Trọng Thụy, Từ Thiếu Hoa. Trong bối cảnh giao thông, vận chuyển chưa thuận lợi, đoàn phim ghi hình tại nhiều nơi hiểm trở như Hỏa Diệm Sơn ở Tân Cương, rừng sâu ở Cát Lâm, thác ở Cửu Trại Câu, chùa trên vách núi ở tỉnh Sơn Tây.', 'yeu-tinh1-2786-1729587382.jpg', 5, 0, 100, '2024-10-24 02:46:35', '2024-10-24 02:46:35', 4),
(7, 'Israel dồn dập không kích ngoại ô Beirut', 'Israel tấn công ngoại ô Beirut ít nhất 17 lần trong vòng một ngày, đánh dấu đòn tấn công dữ dội nhất vào khu vực này trong hơn một năm', 'Israel tấn công ngoại ô Beirut ít nhất 17 lần trong vòng một ngày, đánh dấu đòn tấn công dữ dội nhất vào khu vực này trong hơn một năm.\r\n\r\nHãng thông tấn nhà nước Lebanon (NNA) ngày 23/10 cho biết quân đội Israel đã không kích vùng ngoại ô Beirut ít nhất 17 lần trong 24 giờ, san phẳng 6 tòa nhà tại khu Laylaki ở phía nam thủ đô của Lebanon.\r\n\r\nNNA cho biết đây là \"đợt không kích dữ dội nhất nhằm vào khu vực\" trong suốt hơn một năm giao tranh. Loạt cuộc tấn công diễn ra sau khi Avichay Adraee, phát ngôn viên tiếng Arab của Lực lượng Phòng vệ Israel (IDF), yêu cầu người dân tại địa điểm này sơ tán.\r\n\r\nTuy nhiên, IDF không phát cảnh báo khi tấn công văn phòng kênh truyền hình Al-Mayadeen có quan điểm ủng hộ Iran tại khu Jnah ở ngoại ô Beirut. Theo Bộ Y tế Lebanon, trận không kích nhằm Jnah đã khiến một người thiệt mạng và 5 người bị thương.\r\n\r\n<img src=\"https://i1-vnexpress.vnecdn.net/2024/10/24/5563187178137268508a-Lebanon-2563-1729734285.jpg?w=680&h=0&q=100&dpr=1&fit=crop&s=iPmfy1LBTAoebh-PV5OJ_A\">\r\n\r\nKhói lửa bốc lên từ vị trí trúng đòn không kích của Israel ở ngoại ô Beirut, Lebanon, đêm 23/10. Ảnh: AFP\r\n\r\nIDF cùng ngày cũng tấn công nhiều vùng ở trung tâm thành phố Tyre, thành trì chủ chốt của nhóm vũ trang Hezbollah ở miền nam Lebanon. Theo cơ quan ứng phó thảm họa Tyre, 7 tòa nhà đã bị san phẳng và hơn 400 căn hộ bị hư hại sau trận không kích.\r\n\r\nIsrael chưa công bố chi tiết về mục tiêu trong loạt trận tập kích.\r\n\r\nIDF cùng ngày cho biết Hezbollah phóng khoảng 135 quả rocket qua biên giới, chủ yếu nhằm vào miền bắc Israel, trong khi 6 quả lao về phía miền trung nước này. Chưa rõ thiệt hại hoặc thương vong liên quan các vụ tập kích rocket của Hezbollah.\r\n\r\nLoạt trận không kích diễn ra trong lúc Ngoại trưởng Mỹ Antony Blinken tới thăm Trung Đông trong lúc nước này tìm cách chấm dứt xung đột tại khu vực, cũng như hạn chế hậu quả.\r\n\r\nÔng Blinken nhận định Israel \"đã đạt được hầu hết mục tiêu chiến lược tại Dải Gaza và nên biến đó thành chiến lược lâu dài\". Ngoại trưởng Mỹ cũng kêu gọi Israel đáp trả vụ tập kích tên lửa đạn đạo của Iran theo cách không làm leo thang thêm tình hình.', '5563187178137268508a-Lebanon-2563-1729734285.jpg', 4, 0, 0, '2024-10-24 02:48:42', '2024-10-24 02:48:42', 5),
(8, 'Chiến thuật du kích giúp Hamas đối phó Israel', 'Nhóm vũ trang Hamas áp dụng chiến thuật du kích, như cài mìn và bắn rồi rút, gây hàng loạt tổn thất nặng cho quân đội Israel ở Dải Gaza.', 'Nhóm vũ trang Hamas áp dụng chiến thuật du kích, như cài mìn và bắn rồi rút, gây hàng loạt tổn thất nặng cho quân đội Israel ở Dải Gaza.\r\n\r\nLực lượng Phòng vệ Israel (IDF) hôm 20/10 thông báo đại tá Ehsan Daqsa, chỉ huy Lữ đoàn thiết giáp 401, đã thiệt mạng do đạp trúng bẫy mìn do các tay súng Hamas cài ở thành phố Jabalia, phía bắc Dải Gaza. Vụ nổ còn khiến chỉ huy Tiểu đoàn bộ binh số 52 trọng thương, hai sĩ quan đi cùng cũng bị thương nhẹ.\r\n\r\nDaqsa là một trong những sĩ quan cấp cao nhất của Israel thiệt mạng trong hơn một năm xung đột với Hamas. Đây cũng là ví dụ đặc trưng về chiến thuật du kích được nhóm vũ trang ở Dải Gaza áp dụng nhằm đối phó sức mạnh quân sự áp đảo của Israel, cho thấy họ vẫn đủ khả năng gây tổn thất nặng nề cho đối phương và kéo dài chiến sự.\r\n\r\nHơn một năm sau khi xung đột bùng phát ở Dải Gaza, hàng loạt chỉ huy cấp cao của Hamas đã thiệt mạng, trong đó có thủ lĩnh Yahya Sinwar, nhiều hầm ngầm và kho vũ khí cũng bị phá hủy. Theo thống kê của Israel, nhóm vũ trang Hamas đã mất hơn 17.000 tay súng kể từ đầu chiến sự.\r\n\r\n<img src=\"https://i1-vnexpress.vnecdn.net/2024/10/23/Hamas-5689-1729666113.png?w=680&h=0&q=100&dpr=1&fit=crop&s=KNlMPBgsIfLEOu1T85Jh8g\">\r\nThành viên cánh vũ trang của Hamas trong cuộc diễu binh tại Gaza vào tháng 7/2023. Ảnh: AFP\r\n\r\nTheo các binh sĩ Israel và giới quan sát, những thành viên còn lại của Hamas hiện tránh giao tranh trực diện với đối phương, chủ yếu ẩn náu trong các tòa nhà đổ nát và mạng lưới địa đạo rộng lớn. Phần lớn hệ thống hầm ngầm vẫn còn nguyên vẹn, bất chấp nỗ lực tìm kiếm và vô hiệu hóa của quân đội Israel.\r\n\r\nCác tay súng Hamas chỉ xuất hiện chớp nhoáng theo từng nhóm nhỏ để cài bẫy, tấn công thiết giáp Israel bằng mìn hoặc vũ khí chống tăng, sau đó rút về hệ thống đường hầm. Một số binh sĩ Israel nói rằng các tay súng Hamas còn rải cờ, quần áo hoặc thẻ căn cước tại nhiều khu vực, nhằm dẫn dụ đối phương tiến vào những nơi bị cài mìn hoặc có phục kích.\r\n\r\nGiới chức Israel cáo buộc các tay súng Hamas đặt căn cứ gần công trình dân sự và ẩn mình tại nơi đông dân thường, nhấn mạnh đây là lý do Tel Aviv phải tấn công hạ tầng dân sự ở Gaza và khiến nhiều người dân thiệt mạng.\r\n\r\nMousa Abu Marzouk, quan chức cấp cao của Hamas ở Qatar, bác bỏ cáo buộc và khẳng định đây chỉ là cách để Tel Aviv chuyển hướng chú ý khỏi \"các hành vi sai trái của quân đội Israel\" ở Dải Gaza.', 'Hamas-5689-1729666113.jpg', 2, 0, 100, '2024-10-24 02:51:54', '2024-10-24 02:51:54', 1),
(9, 'Kiều bào đề nghị tăng tần suất chuyến bay đến Nga', 'Cộng đồng người Việt tại Nga gặp Thủ tướng Phạm Minh Chính, mong muốn hai nước tiếp tục tăng cường hợp tác, trong đó có tăng tần suất chuyến bay thương mại.', 'Cộng đồng người Việt tại Nga gặp Thủ tướng Phạm Minh Chính, mong muốn hai nước tiếp tục tăng cường hợp tác, trong đó có tăng tần suất chuyến bay thương mại.\r\n\r\nThủ tướng Phạm Minh Chính ngày 23/10 gặp cộng đồng người Việt Nam tại Nga nhân chuyến công tác dự hội nghị nhóm BRICS mở rộng tại thành phố Kazan, thủ phủ Cộng hòa Tatarstan thuộc Nga.\r\n\r\n<img src=\"https://i1-vnexpress.vnecdn.net/2024/10/24/lq-05304-lo-n-jpeg-1729737306-8311-1729737323.jpg?w=680&h=0&q=100&dpr=1&fit=crop&s=FiVYBr5cwt0R90tFVfX1JQ\">\r\nThủ tướng Phạm Minh Chính phát biểu khi gặp cộng đồng người Việt Nam ở Nga ngày 23/10. Ảnh: Anh Tú\r\n\r\nÔng Đỗ Xuân Hoàng, Chủ tịch Hội người Việt Nam tại Nga, cho biết các hoạt động cấp cao giữa hai nước gần đây đã tạo điều kiện thuận lợi cho cộng đồng khoảng 70.000 - 80.000 người Việt sinh sống, làm việc tại nước này.\r\n\r\nÔng Hoàng cũng đại diện cộng đồng kiến nghị chính phủ có giải pháp gỡ khó trong việc thanh toán, phát triển hệ thống logistics, tăng tần suất của các chuyến bay thương mại đến Nga.\r\n\r\nTheo Bộ Giao thông Vận tải, Việt Nam và Nga đã nối lại đường bay trực tiếp giữa Moskva và TP HCM từ cuối tháng 1. Từ tháng 6/2023, hãng hàng không IAERO của Nga cũng thực hiện chuyến bay trực tiếp giữa thành phố Irkusk, Nga và Hà Nội bằng máy bay của Nga với tần suất hai chuyến mỗi tuần.\r\n\r\nThủ tướng chia sẻ những khó khăn mà kiều bào tại Nga gặp phải sau đại dịch, biến động chính trị, cạnh tranh chiến lược giữa các nước lớn ảnh hưởng đến cuộc sống, công việc. Ông đánh giá cao nỗ lực, cố gắng vươn lên, phát huy tinh thần tự lực, tự cường của cộng đồng người Việt Nam tại Nga.\r\n\r\n<img src=\"https://i1-vnexpress.vnecdn.net/2024/10/23/img-0098-lo-n-jpeg-1729701842-6075-1729702160.jpg?w=680&h=0&q=100&dpr=1&fit=crop&s=vI7463hZZSdq3JeIQMy6bA\">\r\nThủ tướng chụp ảnh kỷ niệm cùng cộng đồng người Việt tại Nga ngày 23/10 ở Kazan. Ảnh: Anh Tú\r\n\r\nTheo Thủ tướng, cộng đồng người Việt tại Nga luôn đùm bọc nhau trong gian khó, góp phần quảng bá hình ảnh đất nước. Cộng đồng này cũng có những đặc thù như rất đa dạng, nhiều doanh nhân nổi tiếng tại Việt Nam trong lĩnh vực bất động sản, ngân hàng, công nghệ đều từng học tập, làm việc tại Nga.\r\n\r\nThủ tướng mong muốn người Việt tại Nga có địa vị pháp lý vững chắc, được tôn trọng, ngày càng lớn mạnh. Ông tin tưởng rằng các thế hệ người Việt thứ hai, thứ ba tại Nga cũng sẽ phát triển, có nhiều đóng góp cho quốc gia sở tại và quan hệ giữa hai nước.\r\n\r\nThủ tướng Phạm Minh Chính đang dự Hội nghị BRICS mở rộng tại thành phố Kazan theo lời mời của Tổng thống Nga Vladimir Putin, Chủ tịch nhóm BRICS năm 2024.\r\n\r\nTrong cuộc gặp Phó thủ tướng Nga Alexander Novak hôm qua, Thủ tướng cho biết Việt Nam luôn hoan nghênh và tạo mọi điều kiện thuận lợi cho các doanh nghiệp Nga, bao gồm các doanh nghiệp dầu khí, quan tâm, mở rộng hoạt động tại Việt Nam.\r\n\r\nViệt Nam và Nga xác lập quan hệ Đối tác Chiến lược Toàn diện năm 2012. Trong chuyến thăm Việt Nam của Tổng thống Putin hồi tháng 6, hai bên nhất trí tăng cường hợp tác trong các lĩnh vực kinh tế, thương mại, an ninh - quốc phòng, đặc biệt là hạ tầng, năng lượng', 'lq-05304-lo-n-jpeg-1729737306-8311-1729737323.jpg', 2, 0, 100, '2024-10-24 02:53:41', '2024-10-24 02:53:41', 2),
(10, 'Quốc hội thảo luận phân phối kinh phí công đoàn', 'Ngày 24/10, Quốc hội thảo luận hội trường về dự án Luật Công đoàn sửa đổi, trong đó có chính sách về tài chính công đoàn, phân phối kinh phí công đoàn.', 'Ngày 24/10, Quốc hội thảo luận hội trường về dự án Luật Công đoàn sửa đổi, trong đó có chính sách về tài chính công đoàn, phân phối kinh phí công đoàn.\r\n\r\nTại kỳ họp trước, một số đại biểu chưa đồng tình với mức kinh phí công đoàn 2% và đề nghị kinh phí công đoàn do tổ chức, doanh nghiệp ngoài nhà nước đóng theo mức tự nguyện. Có đại biểu cho rằng nên xem xét giảm hoặc bỏ thu kinh phí công đoàn 2% đối với đơn vị đã có tổ chức đại diện của người lao động khác.\r\n\r\nBáo cáo giải trình, Thường vụ Quốc hội cho rằng việc tiếp tục thu 2% kinh phí công đoàn nhằm duy trì nguồn lực hiện có, giữ vai trò quan trọng, có ý nghĩa quyết định trong việc bảo đảm nguồn tài chính để Công đoàn Việt Nam, nhất là công đoàn cơ sở thực hiện nhiệm vụ. Đó là nguồn lực chăm lo phúc lợi xã hội, bảo vệ quyền, lợi ích hợp pháp, chính đáng của đoàn viên, người lao động; động viên, khích lệ người lao động gắn bó với đơn vị và cũng thúc đẩy doanh nghiệp có trách nhiệm hơn với người lao động của mình.\r\n\r\nTiếp thu ý kiến đại biểu, dự thảo Luật đã bổ sung một số nhiệm vụ chi mới để phù hợp với thực tiễn như, chi cho công đoàn cơ sở khó khăn được miễn, giảm đóng kinh phí công đoàn; chi cho việc xây dựng nhà ở xã hội cho công nhân thuê; xây dựng công trình công cộng cho đoàn viên, người lao động.\r\n\r\nBên cạnh đó, kinh phí công đoàn chiếm tỷ trọng nhỏ trong chi phí của doanh nghiệp (khoảng 0,38%). \"Do đó, vấn đề 2% kinh phí công đoàn không phải là gánh nặng cho doanh nghiệp và đề nghị giữ quy định về mức kinh phí công đoàn 2%\", báo cáo nêu.\r\n\r\n<img src=\"https://i1-vnexpress.vnecdn.net/2024/10/24/VNE3799-7588-1729726105.jpg?w=680&h=0&q=100&dpr=1&fit=crop&s=DBO9UXfqwjATPDHAZJR93g\">\r\nCông nhân làm việc tại Công ty cổ phần Dệt may 29/3, Đà Năng, tháng 6/2024. Ảnh: Nguyễn Đông\r\n\r\nMột số đại biểu đề nghị cân nhắc không quy định cứng tỷ lệ phân phối kinh phí công đoàn trong dự thảo Luật mà theo hướng quy định tỷ lệ tối đa và tối thiểu nhằm bảo đảm linh hoạt trong việc điều tiết kinh phí công đoàn.\r\n\r\nCó ý kiến đề nghị nghiên cứu bổ sung quy định mang tính nguyên tắc trong quản lý, sử dụng tài chính công đoàn bảo đảm công khai, minh bạch; quy định rõ nội dung phân bổ nguồn kinh phí công đoàn cho những mục tiêu, hoạt động của công đoàn để làm cơ sở cho việc công khai tài chính.\r\n\r\nTiếp thu ý kiến đại biểu, Thường vụ Quốc hội chỉnh lý, bổ sung quy định về nguyên tắc quản lý, sử dụng tài chính công đoàn, rà soát nhiệm vụ chi kinh phí công đoàn đầy đủ hơn. Dự thảo cũng không quy định việc phân phối kinh phí công đoàn khi có nhiều tổ chức đại diện của người lao động để bảo đảm linh hoạt, hài hòa.\r\n\r\nSau khi thống nhất với Chính phủ, Tổng Liên đoàn Lao động Việt Nam quy định tiêu chuẩn, định mức, chế độ chi tiêu, phân cấp thu, phân phối và quản lý, sử dụng tài chính công đoàn phù hợp với yêu cầu nhiệm vụ của công đoàn. Dự luật cũng giao Chính phủ quy định chi tiết việc quản lý, sử dụng kinh phí công đoàn của tổ chức của người lao động tại doanh nghiệp.\r\n\r\nSáng nay, Bộ trưởng Y tế trình Quốc hội dự án Luật sửa đổi, bổ sung một số điều của Luật Bảo hiểm y tế. Sau đó, các đại biểu thảo luận nội dung còn ý kiến khác nhau của dự thảo Luật Công đoàn (sửa đổi). Buổi chiều, Quốc hội chia tổ thảo luận về Dự án Luật sửa đổi, bổ sung một số điều của Luật Bảo hiểm y tế và Dự án Luật Dữ liệu.', 'VNE3799-7588-1729726105.jpg', 2, 0, 0, '2024-10-24 02:54:57', '2024-10-24 02:54:57', 3),
(11, '\'Xóm\' lao động châu Phi ở Hà Nội', 'Mouhya cùng hai người đồng hương nhìn quanh rồi mạnh dạn bước vào quán cơm trên phố Tứ Liên, quận Tây Hồ, trưa ngày cuối tháng 10.', 'Mouhya cùng hai người đồng hương nhìn quanh rồi mạnh dạn bước vào quán cơm trên phố Tứ Liên, quận Tây Hồ, trưa ngày cuối tháng 10.\r\n\r\n\"Thật dễ chịu khi không còn ai nhìn chúng tôi hiếu kỳ như hồi mới đến\", chàng trai 28 tuổi người Somali nói. Người bạn của Mouhya chìa điện thoại ghi tên mấy món ăn cho chị Nguyễn Thị Thảo (chủ quán) rồi lặng lẽ ngồi vào bàn.\r\n\r\n\"Họ không biết tiếng Việt nên chúng tôi giao tiếp với nhau hoàn toàn bằng công cụ dịch trên điện thoại\", chị Thảo giải thích.\r\n\r\nGần ba tháng qua, người dân các phường Nhật Tân, Tứ Liên, quận Tây Hồ không còn xa lạ với từng tốp đàn ông da đen đi lại trên phố hoặc làm thuê các công việc tay chân như rửa bát, bốc vác ở các vườn đào, quất.\r\n\r\nAnh Đỗ Ngọc Hạnh, 36 tuổi, chủ một khu nhà trọ trên địa bàn cho biết những người này đa số đến từ các nước châu Phi như Nigeria, Ghana, Somali, đang trọ trong các căn hộ của anh.\r\n\r\n\"Hơn 150 người đang thuê trọ ở chỗ tôi. Họ gồm cả nam giới, phụ nữ sống một mình hay hộ gia đình có trẻ con\", anh Hạnh nói. Cách đây hơn ba tháng có vài người nước ngoài đến thuê rồi mách nhau, nay cả ba ngôi nhà gần như kín chỗ.\r\n\r\nNhững người châu Phi này chủ yếu sang Việt Nam với ý định làm giáo viên tiếng Anh nhưng không tìm được việc nên làm lao động chân tay để kiếm sống.\r\n\r\n\"Họ nói các trung tâm Anh ngữ ở Việt Nam chỉ tuyển giáo viên bản ngữ nên rất khó xin việc. Một số khác chủ đích sang đây với hy vọng đổi đời do cuộc sống ở quê nhà quá khó khăn\", anh Hạnh nói.\r\n\r\n<img src=\"https://i1-giadinh.vnecdn.net/2024/10/17/462540558-335105516332911-7526-5771-3838-1729136265.jpg?w=680&h=0&q=100&dpr=1&fit=crop&s=rynGFRybVYIDJkHNpDoTeQ\">\r\n\r\nMột lao động châu Phi được thuê dọn dẹp cho một chủ vườn ở Tứ Liên sau lũ, đầu tháng 10. Ảnh: Hà Trang\r\n\r\nManfred Fregene, 42 tuổi, làm bốc vác từ khi mới đặt chân đến đây hồi tháng 5. Mỗi giờ anh được trả 50.000 đồng. Thu nhập trong ngày đủ để mua thức ăn cho 8 người con, 5 trai, 3 gái, từ 1-16 tuổi.\r\n\r\nFregene kể từng kinh doanh nhà đất ở Nigeria nhưng mấy năm nay kinh tế khó khăn, an ninh bất ổn. Mong có cuộc sống an toàn hơn, anh định đưa cả gia đình sang Canada nhưng cuối cùng lại chuyển hướng đến Việt Nam.\r\n\r\n\"Một số bạn bè tôi đang ở Việt Nam nói đây là một đất nước đáng sống, an toàn nên tôi muốn sang lập nghiệp\", người đàn ông Nigeria nói. Thuê một phòng trong ngôi nhà ba tầng có thêm hơn chục đồng hương giúp gia đình anh bớt cảm giác sống ở xứ người.\r\n\r\nManfred Fregene và các con đã hết hạn visa từ hai tháng trước nhưng không thể về nước. \"Chúng tôi không biết lấy đâu ra tiền mua vé máy bay và nộp phạt quá hạn visa\", người đàn ông nói. Gia đình này cũng nợ tiền thuê trọ mấy tháng nay.\r\n\r\nỞ nhà trọ cách Fregene khoảng 500 mét, chị Deborah, 46 tuổi, người Nigeria, đến Việt Nam với kỳ vọng có thu nhập tốt để thay đổi cuộc sống. 5 tháng sang đây, Deborah kiếm được công việc dạy tiếng Anh ở Thái Bình, lương 450.000 đồng mỗi giờ. Vài tuần trước, trung tâm không ký tiếp hợp đồng trong khi visa còn hạn gần hai năm nữa nên Deborah thuê nhà trọ ở quận Tây Hồ chờ tìm việc. Trong thời gian này, chị nhận làm mọi thứ từ phụ vữa, bốc vác cho đến dọn dẹp nhà cửa.', '462540558-335105516332911-7526-5771-3838-1729136265.jpg', 2, 0, 100, '2024-10-24 02:57:06', '2024-10-24 02:57:06', 4),
(12, 'Liverpool toàn thắng tại Champions League', 'Bàn duy nhất của tiền đạo Darwin Nunez giúp Liverpool hạ chủ nhà RB Leipzig 1-0 ở lượt ba để giành chín điểm tuyệt đối tại Champions League.', 'Phút 27, Cody Gakpo chồng biên để Kostas Tsimikas thoát xuống bên cánh trái tạt vào vòng cấm. Mohamed Salah đánh đầu chéo góc, rồi Nunez ập vào dứt điểm ngay trên vạch vôi, tung lưới thủ thành Peter Gulacsi.\r\n\r\nTiền đạo Uruguay ghi bàn đầu tiên ở Champions League, và là bàn thứ hai mùa này - sau pha lập công ở trận thắng Bournemouth 3-0 tại Ngoại hạng Anh.\r\n\r\nBàn của Nunez giúp Liverpool giữ mạch toàn thắng tại Champions League, sau khi hạ AC Milan 3-1, Bologna 2-0 ở hai lượt đầu. Aston Villa là CLB còn lại cũng giành chín điểm tuyệt đối, khi lần lượt đánh bại Young Boys 3-0, Bayern 1-0 và Bologna 2-0.\r\n\r\n<img src=\"https://i1-thethao.vnecdn.net/2024/10/24/nunez-1729721946-6834-1729721954.jpg?w=680&h=0&q=100&dpr=1&fit=crop&s=4XzVmC31oi4L1QCPXoQtlw\">\r\n\r\nNunez trong pha làm bàn, giúp Liverpool hạ RB Leipzig trên sân Red Bull Arena ở lượt ba Champions League ngày 23/10. Ảnh: AFP\r\n\r\nHLV Arne Slot tiếp tục làm nên lịch sử khi giúp Liverpool lần đầu toàn thắng sáu trận sân khách đầu tiên của mùa giải. Trước trận gặp Leipzig, họ thắng Milan 3-1 ở Champions League, Ipswich 2-0, Man Utd 3-0, Wolves 2-1, Crystal Palace 0-1 tại Ngoại hạng Anh.\r\n\r\nLiverpool cũng thắng 11 trong 12 trận đầu của một mùa giải lần đầu tiên trong lịch sử. Trận không thắng duy nhất của Slot đến giờ là thất bại 0-1 dưới tay Nottingham Forest trên sân nhà ở Ngoại hạng Anh.\r\n\r\nTrước đó, Slot cũng chạm nhiều cột mốc khác, như trở thành HLV đầu tiên của Liverpool thắng trận ra mắt trong thế kỷ 21, toàn thắng hai trận đầu và thắng ngay lần đầu gặp Man Utd, nếu chỉ tính trong kỷ nguyên Ngoại hạng Anh.\r\n\r\nTrên sân Red Bull Arena ngày 23/10, Liverpool không quá áp đảo khi kiểm soát bóng 58%, dứt điểm 17 lần với tám cú trúng đích - so với 13 và 6 của Leipzig.\r\n\r\nThậm chí, chủ nhà mới là CLB dứt điểm tung lưới đối phương nhiều hơn. Phút 26, Lois Openda xoay người dứt điểm khiến thủ môn Caoimhin Kelleher bay hết cỡ cũng không thể cản phá. Phút 83, Openda tiếp tục dứt điểm thành bàn. Nhưng cả hai đều không được công nhận bởi lỗi việt vị.', 'nunez-1729721946-6834-1729721954.jpg', 3, 0, 100, '2024-10-24 02:58:41', '2024-10-24 02:58:41', 1),
(13, 'Nadal không chọn Djokovic là kình địch số một', 'Rafael Nadal tạo kỷ lục đấu Novak Djokovic 60 lần chính thức, nhưng cho rằng Roger Federer mới là đối thủ lớn nhất trong 20 năm sự nghiệp.', 'Rafael Nadal tạo kỷ lục đấu Novak Djokovic 60 lần chính thức, nhưng cho rằng Roger Federer mới là đối thủ lớn nhất trong 20 năm sự nghiệp.\r\n\r\nTrả lời phỏng vấn báo AS hôm 22/10, Nadal cho biết Djokovic là thách thức khổng lồ trong làng banh nỉ, người đã thắng anh 31 trong 60 cuộc đối đầu chính thức. Ở trận đánh đơn gần nhất, Nadal thua Nole tại vòng hai Olympic Paris. Hai tay vợt cũng vừa gặp nhau ở giải biểu diễn Six Kings Slam tại Arab Saudi tuần trước.\r\n\r\n\"Đối thủ lớn nhất của tôi vẫn là Federer\", Nadal trả lời khi được hỏi ai là kình địch lớn nhất sự nghiệp. \"Bởi vì lúc đầu khi tôi mới lên ATP Tour, Federer đã ở đó và là người số một. Trong những năm sau đó khi tôi đạt phong độ cao nhất, hai đối thủ lớn nhất là Federer và Djokovic. Tuy nhiên, ấn tượng ban đầu luôn đặc biệt và đó là Federer\".\r\n\r\n<img src=\"https://i1-thethao.vnecdn.net/2024/10/23/1426557119-4-5956-1729653570.jpg?w=680&h=0&q=100&dpr=1&fit=crop&s=5RWnY0mWUx7zu4I8V3EM0g\">\r\n\r\nNadal (giữa), Federer (trái) và Djokovic tại Laver Cup 2022. Ảnh: Reuters\r\n\r\nNadal đạt thành tích thắng thua 24-16 trước Federer, sau khoảng 15 năm cạnh tranh ở cấp độ cao nhất quần vợt. Nadal thường chiếm ưu thế trước Federer ở các giải đất nện, và cũng thắng tới 10 trong 14 trận ở Grand Slam. Trong giai đoạn Federer suy yếu, Nadal tạo nên cặp kỳ phùng địch thủ khác với Djokovic, trong đó Nadal thắng 11 trong 18 trận Grand Slam.\r\n\r\n\"Có vẻ như sự cạnh tranh của tôi với họ dữ dội hơn giữa họ với nhau\", Nadal nói thêm. \"Tôi không biết chính xác lý do, nhưng tôi cảm thấy như vậy. Tôi và Federer là hai phong cách tương phản rõ ràng. Có lẽ điều này cũng gây ấn tượng sâu sắc hơn cho người xem. Djokovic thì là một thử thách kinh ngạc, hoàn thiện bản thân mỗi năm và duy trì đỉnh cao lâu dài\".\r\n\r\nThực tế, Federer đấu Djokovic nhiều hơn Nadal với tổng cộng 50 trận. Ưu thế thuộc về Djokovic với tỷ số 27-23, gồm 13-6 ở chung kết và 11-6 ở Grand Slam. Bộ đôi hiện giữ kỷ lục 11 lần đấu bán kết các giải major.\r\n\r\nNadal đánh giá Djokovic là tay vợt toàn diện nhất và có khả năng trụ lại đỉnh cao tốt nhất. Chủ nhân 22 Grand Slam nói: \"Những con số chứng minh Djokovic xuất sắc nhất. Trình độ quần vợt của anh ấy tốt nhất và ngoài ra, anh ấy là người tránh chấn thương giỏi nhất\".\r\n\r\nFederer đã treo vợt từ 2022, còn Nadal sẽ giải nghệ sau VCK Davis Cup tháng tới. \"Big 3\" sở hữu tổng cộng 66 Grand Slam trong hai thập kỷ thống trị và có thể chưa phải con số cuối cùng khi Djokovic còn thi đấu đỉnh cao. Trong những cuộc phỏng vấn gần đây, Nole cho biết tâm lý của anh bị ảnh hưởng tiêu cực hơn, vì những đối thủ lớn nhất lần lượt rời vũ đài.', '1426557119-4-5956-1729653570.jpg', 3, 0, 0, '2024-10-24 02:59:50', '2024-10-24 02:59:50', 2),
(14, 'Vinicius lập hat-trick, Real đè bẹp Dortmund', 'Tây Ban NhaĐương kim vô địch Real Madrid thắng ngược á quân Dortmund 5-2, dù bị dẫn hai bàn ở lượt ba Champions League 2024-2025.', 'Ngày trao Quả Bóng Vàng 2024 tới gần, khi ứng viên giành giải Vinicius Junior tiếp tục rực sáng với hat-trick đầu tiên sau 9 tháng. Cũng như tại chung kết Champions League 2024, tiền đạo Brazil chọc thủng lưới Dortmund và giúp Real Madrid đăng quang lần thứ 14.\r\n\r\nLần này Real gặp khó khăn hơn bị dẫn trước 0-2 cho tới phút 60, nhưng ghi tới năm bàn trong thời gian còn lại để vùi dập đối thủ từ Đức. Ngoài ba bàn của Vinicius, trung vệ Antonio Rudiger và hậu vệ phải Lucas Vazquez cũng góp công vào chiến thắng của thầy trò Carlo Ancelotti.\r\n\r\n<img src=\"https://i1-thethao.vnecdn.net/2024/10/23/vinicius-junior-1729631099-5748-1729631132.jpg?w=680&h=0&q=100&dpr=1&fit=crop&s=RwOglXJjSvCDVSxs3WKSOQ\">\r\n\r\nVinicius cởi áo mừng bàn cho Real trước Dortmund trên sân Bernabeu, thành phố Madrid, Tây Ban Nha tối 22/10/2024. Ảnh: Marca\r\n\r\nLịch sử mới ghi nhận một đội bị dẫn trước hai bàn ở Champions League, mà sau đó vẫn thắng cách biệt ba bàn. Đó là Real, và họ làm được điều đó hai lần, trước Liverpool ở vòng 1/8 năm 2023 và trận gặp Dortmund tối 22/10. Vinicius ghi tới năm bàn trong hai trận này.\r\n\r\nHai trong ba bàn của Vinicius là tuyệt phẩm độc diễn. Phút 86, Jude Bellingham lăn xả cướp bóng trong chân Emre Can để Vinicius dốc từ gần cấm địa đội nhà, dọc biên trái. Ngôi sao 24 tuổi sau đó rê bóng vào trung lộ, rồi cứa lòng chìm về góc xa từ cự ly gần 20 m, nâng tỷ số lên 4-2.\r\n\r\nSau bàn đẹp và đảm bảo chiến thắng, Vinicius cởi áo ném lên trời rồi chỉ hai tay xuống đất trước biển khán giả áo trắng reo mừng. Màn thể hiện của \"số 7\" ở Champions League dễ khiến người hâm mộ Real Madrid nhớ tới huyền thoại CLB Cristiano Ronaldo. Họ đồng thanh hát dành cho ngôi sao Brazil: \"Làm sao chúng tôi có thể không yêu quý anh chứ\".', 'vinicius-junior-1729631099-5748-1729631132.jpg', 3, 0, 0, '2024-10-24 03:03:46', '2024-10-24 03:03:46', 3),
(15, 'Bellingham \'từ điểm 10 về số 0\'\r\nTruyền thông Tây Ban Nha thất vọng khi tiền vệ Jude Bellingha', 'Truyền thông Tây Ban Nha thất vọng khi tiền vệ Jude Bellingham chưa ghi bàn nào cho Real Madrid sau chín trận mùa 2024-2025.', 'Truyền thông Tây Ban Nha thất vọng khi tiền vệ Jude Bellingham chưa ghi bàn nào cho Real Madrid sau chín trận mùa 2024-2025.\r\n\r\nBellingham khởi đầu sự nghiệp của Real như mơ khi anh ghi tám bàn trong chín trận đầu tiên, rồi 10 bàn qua 10 trận. Tuy nhiên, tiền vệ 21 tuổi chưa ghi bàn nào ở chín trận mùa này. Riêng tại La Liga, anh tịt ngòi trong sáu trận đầu mùa 2024-2025, so với năm bàn ghi được cùng kỳ năm ngoái. Người hâm mộ không còn thấy hình ảnh anh dang rộng hai tay mừng bàn như mùa trước.\r\n\r\n<img src=\"https://i1-thethao.vnecdn.net/2024/10/22/bellingham-2570-1729551985.jpg?w=680&h=0&q=100&dpr=1&fit=crop&s=hMyL8fymic9ZdCfptHXnrQ\">\r\n\r\nBellingham (phải) tranh bóng với Marten de Roon trong trận Real gặp Atalanta tại Siêu cup châu Âu trên sân Quốc gia Warsaw ở Ba Lan tối 14/8/2024. Ảnh: Reuters\r\n\r\nMàn thể hiện của tuyển thủ Anh bị báo Marca thân Real chê \"từ 10 về 0\", chỉ sau một năm. \"Bellingham đã khoanh tay vào rồi\", báo viết. \"Không còn hình ảnh cây đũa ma thuật của anh chạm vào đâu cũng biến thành vàng như mùa trước nữa\".\r\n\r\nTờ báo còn cho rằng Bellingham đang tự trách bản thân vì chuỗi trận tịt ngòi, nên thường cáu gắt với đồng đội. Nhiều lần nửa đầu mùa, anh hét lên phản ứng khi thấy Vinicius Junior và Kylian Mbappe không chịu hỗ trợ phòng ngự. \"Ở trận gần nhất gặp Celta Vigo, Bellingham cũng tức điên vì Vinicius không chuyền cho anh ở cột hai trong thế thuận lợi\", bài có đoạn.', 'bellingham-2570-1729551985.jpg', 3, 0, 11, '2024-10-24 03:03:46', '2024-10-24 03:03:46', 5),
(16, 'Chuyên gia Hàn Quốc: \'Bóng đá Việt Nam đang có quá nhiều vấn đề\'', 'Chuyên gia Bae Ji-won, cựu HLV Thể Công và trợ lý HLV Park Hang-seo, cho rằng Việt Nam đang có một đội tuyển quốc gia nhiều bất cập, cùng một nền bóng đá trẻ thiếu ổn định.', 'Chuyên gia Bae Ji-won, cựu HLV Thể Công và trợ lý HLV Park Hang-seo, cho rằng Việt Nam đang có một đội tuyển quốc gia nhiều bất cập, cùng một nền bóng đá trẻ thiếu ổn định.\r\n\r\n<img src=\"https://i1-thethao.vnecdn.net/2024/10/22/viet-nam-an-do-giao-huu-2024-1-2049-9448-1729535266.jpg?w=680&h=0&q=100&dpr=1&fit=crop&s=hi139MgHeB8GiZ6h4GA9_A\">\r\n\r\nHLV Kim Sang-sik chỉ đạo Nguyễn Đình Bắc (trái) trong trận giao hữu hòa Ấn Độ 1-1 vào ngày 12/9/2024 tại sân Thiên Trường, Nam Định. Ảnh: Lâm Thỏa.\r\n\r\n- Qua năm tháng dưới thời HLV Kim Sang-sik, Việt Nam thắng một, hòa một và thua năm. Trong đó ba trận giao hữu gần nhất, đội tuyển lần lượt thua Nga 0-3, Thái Lan 1-2 và hòa Ấn Độ 1-1. Cá nhân ông đánh giá thế nào về đội tuyển Việt Nam hiện tại?\r\n\r\n- Như các đội tuyển châu Âu khác, Nga dẻo dai về thể chất lẫn thể lực. Họ rất nguy hiểm khi xâm nhập vòng cấm đối phương bằng khả năng di chuyển nhanh cùng kỹ năng cá nhân tốt. Trước đối thủ như vậy, khi Việt Nam thua, nhiều người sẽ thừa nhận đó là đương nhiên. Nhưng không đội bóng nào ra sân với tâm lý thất bại. Nhìn chi tiết thì chiến thuật của HLV Kim và thể lực của cầu thủ có những bất cập. Và đó tiếp tục là vấn đề, dẫn đến trận thua Thái Lan.\r\n\r\nPhong độ, thể lực và chiến thuật của đội tuyển hiện tại không khác nhiều so với thời Philippe Troussier. Họ dễ dàng thủng lưới, không ghi bàn trong những cơ hội tốt và mất cân bằng giữa công với thủ. Những vấn đề rất nghiêm trọng đã bộc lộ ở hàng thủ, trong quá trình kết nối để chống tấn công nhanh và phản công. Hàng thủ hiện tại quá lỏng lẻo, bọc lót thiếu tính tổ chức, cùng sai lầm cá nhân đã dẫn đến bàn thua trước Ấn Độ. Cách phối hợp của hàng tiền vệ cũng chưa gây được khó khăn cho đối thủ, và đó là một phần nguyên nhân hàng công không ghi được bàn.\r\n\r\nKhi bị tấn công mạnh mẽ, các cầu thủ Việt Nam di chuyển không đủ nhiều để liên tục can thiệp vào lối chơi của đối phương. Có lẽ, đội tuyển phải chuẩn bị, bổ sung hiệu quả hơn sức mạnh thể chất và chiến thuật, cũng như sự kết nối giữa các cầu thủ trong trận.\r\n\r\nViệt Nam không cần quá lo lắng khi thua Thái Lan và Nga, mà quan trọng hơn là hiểu chính xác nguyên nhân dẫn đến thất bại, từ đó có giải pháp và cải thiện thì mới có hy vọng ở AFF Cup vào cuối năm.', 'viet-nam-an-do-giao-huu-2024-1-2049-9448-1729535266.jpg', 5, 0, 0, '2024-10-24 03:05:36', '2024-10-24 03:05:36', 4),
(17, 'Thủ tướng đề nghị đẩy nhanh đầu tư 3 tuyến đường sắt kết nối Trung Quốc', 'Thủ tướng Phạm Minh Chính đề nghị ưu tiên đẩy nhanh triển khai 3 tuyến đường sắt khổ tiêu chuẩn sang Trung Quốc, để tăng kết nối giữa hai nền kinh tế.', 'Thủ tướng Phạm Minh Chính đề nghị ưu tiên đẩy nhanh triển khai 3 tuyến đường sắt khổ tiêu chuẩn sang Trung Quốc, để tăng kết nối giữa hai nền kinh tế.\r\n\r\nĐề nghị này được Thủ tướng Phạm Minh Chính nêu khi gặp Tổng bí thư, Chủ tịch Trung Quốc Tập Cận Bình nhân dự hội nghị nhóm BRICS mở rộng tại Kazan (Nga), tối 23/10.\r\n\r\nTại cuộc gặp, Thủ tướng khẳng định Việt Nam luôn coi phát triển quan hệ với Trung Quốc là chủ trương nhất quán, ưu tiên hàng đầu trong đường lối đối ngoại. Theo ông, quan hệ hai Đảng, hai nước thời gian qua không ngừng được củng cố và phát triển sang giai đoạn mới, với mục tiêu xây dựng Cộng đồng chia sẻ tương lai Việt Nam - Trung Quốc theo định hướng \"6 hơn\".\r\n\r\nThủ tướng đề nghị hai bên tiếp tục thúc đẩy hợp tác thực chất trên các lĩnh vực, trong đó có kết nối hạ tầng giao thông. Ông đề nghị đẩy nhanh triển khai 3 tuyến đường sắt khổ tiêu chuẩn 1.435mm kết nối Việt Nam với Trung Quốc, là Lào Cai - Hà Nội - Hải Phòng, Lạng Sơn - Hà Nội, Móng Cái - Hạ Long - Hải Phòng, để tăng kết nối giữa hai nền kinh tế.\r\n\r\n<img src=\"https://i1-kinhdoanh.vnecdn.net/2024/10/24/gap-Tap-1706-1729739026.jpg?w=680&h=0&q=100&dpr=1&fit=crop&s=niodxNtBzuOakr9Q68AcNA\">\r\nThủ tướng Phạm Minh Chính tại cuộc gặp ngắn với Chủ tịch Trung Quốc Tập Cận Bình, ngày 23/10. Ảnh: Bộ Ngoại giao\r\n\r\nTrước đó, trong tuyên bố Việt - Trung sau chuyến thăm của Thủ tướng Trung Quốc Lý Cường hồi đầu tháng này, hai bên đã nhất trí đẩy nhanh nghiên cứu khả thi tuyến đường sắt khổ tiêu chuẩn Lào Cai - Hà Nội - Hải Phòng và lập quy hoạch hai tuyến Đồng Đăng - Hà Nội và Móng Cái - Hạ Long - Hải Phòng. Việc này nhằm hướng đến ký thỏa thuận hợp tác song phương về xây dựng ba tuyến đường sắt khổ tiêu chuẩn.\r\n\r\nĐáp lại, Chủ tịch Tập Cận Bình khẳng định sẵn sàng cùng Việt Nam duy trì trao đổi chiến lược, đưa quan hệ Đối tác hợp tác Chiến lược toàn diện không ngừng đi vào chiều sâu. Chủ tịch Trung Quốc cho biết sẽ chỉ đạo các cơ quan thúc đẩy kết nối giao thông, kinh tế với Việt Nam.\r\n\r\nHợp tác kinh tế-thương mại, đầu tư Việt - Trung Quốc không ngừng tăng thời gian qua. Việt Nam là đối tác thương mại lớn nhất trong ASEAN, lớn thứ 6 thế giới của Trung Quốc.\r\n\r\n9 tháng đầu năm, Trung Quốc vẫn là thị trường nhập khẩu lớn nhất của Việt Nam, với kim ngạch khoảng 105 tỷ USD, chiếm gần 38% tổng kim ngạch cả nước. Mức này tăng 32,5% so với cùng kỳ năm trước. Ở chiều ngược lại, Việt Nam xuất gần 43,6 tỷ USD sang nền kinh tế lớn thứ hai thế giới, tăng nhẹ so với cùng kỳ 2023.', 'gap-Tap-1706-1729739026.jpg', 4, 0, 100, '2024-10-24 03:08:18', '2024-10-24 03:08:18', 1),
(18, 'Thứ trưởng Công Thương: Làm điện hạt nhân phải đảm bảo rủi ro bằng 0', 'Đảm bảo tối đa an toàn, đưa rủi ro về bằng 0 là tiêu chí lựa chọn công nghệ trong trường hợp Việt Nam phát triển điện hạt nhân.', 'Đảm bảo tối đa an toàn, đưa rủi ro về bằng 0 là tiêu chí lựa chọn công nghệ trong trường hợp Việt Nam phát triển điện hạt nhân.\r\n\r\nTại dự thảo Luật Điện lực (sửa đổi), Chính phủ đề xuất Nhà nước độc quyền và Thủ tướng quy định cơ chế đặc thù triển khai đầu tư, xây dựng, vận hành nhà máy điện hạt nhân. Trước đó, Thủ tướng Phạm Minh Chính yêu cầu các bộ, ngành nghiên cứu phát triển điện hạt nhân, sửa Quy hoạch điện VIII để phù hợp thực tế.\r\n\r\n<img src=\"https://i1-kinhdoanh.vnecdn.net/2024/10/23/fdfb4db9-f8e7-462e-9652-493c5b-5934-5023-1729682152.jpg?w=680&h=0&q=100&dpr=1&fit=crop&s=KeNRek0KeawZt_FxAUtunw\">\r\nThứ trưởng Công Thương Nguyễn Sinh Nhật Tân trả lời tại họp báo, ngày 23/10. Ảnh: MOIT\r\n\r\nTại họp báo ngày 23/10, Thứ trưởng Công Thương Nguyễn Sinh Nhật Tân cho biết cơ quan này đang nghiên cứu lại thực tiễn để đánh giá việc có nên triển khai dự án điện hạt nhân không. \"Sau khi cấp có thẩm quyền đồng ý về chủ trương, quy trình cụ thể về đầu tư nguồn điện này sẽ được đưa ra\", ông nói.\r\n\r\nTrong trường hợp phát triển nguồn năng lượng này, ông Tân cho hay, quan điểm là sẽ lựa chọn công nghệ thế hệ mới đã được áp dụng thực tiễn. Mục tiêu nhằm đảm bảo tối đa an toàn, đưa rủi ro về bằng 0.\r\n\r\nTheo Thứ trưởng, thế giới đang phát triển điện hạt nhân ở giai đoạn công nghệ thứ ba, thứ tư. \"Chúng tôi đang nghiên cứu và thấy vài phương án\", ông nói.\r\n\r\nPhát triển điện hạt nhân hiện không được đề cập trong Quy hoạch điện VIII. Song, trong báo cáo gửi các bộ ngành đề nghị góp ý cho dự thảo sửa quy hoạch này đầu tháng 9, Bộ Công Thương có nhắc đến phát triển các nhà máy điện hạt nhân cỡ nhỏ (SMR).', 'fdfb4db9-f8e7-462e-9652-493c5b-5934-5023-1729682152.jpg', 4, 0, 11, '2024-10-24 03:08:18', '2024-10-24 03:08:18', 1);
INSERT INTO `items` (`id`, `title`, `excerpt`, `content`, `img`, `category`, `featured`, `views`, `created_at`, `updated_at`, `author`) VALUES
(19, 'Kiến nghị năm 2025 chưa tăng lương hưu, lương công chức', 'Chính phủ kiến nghị chưa tăng lương hưu, công chức, trợ cấp xã hội năm sau và sẽ xử lý bất hợp lý của một số ngành như y tế, giáo dục.', 'Chính phủ kiến nghị chưa tăng lương hưu, công chức, trợ cấp xã hội năm sau và sẽ xử lý bất hợp lý của một số ngành như y tế, giáo dục.\r\n\r\nSáng 22/10, thừa ủy quyền của Thủ tướng, Phó thủ tướng Hồ Đức Phớc báo cáo về thực hiện ngân sách 2024, dự toán năm 2025.\r\n\r\nTheo đó, Chính phủ lập dự toán ngân sách Nhà nước năm 2025 hơn 1,96 triệu tỷ đồng, tăng 15,6% so với 2024. Trong đó, thu nội địa dự kiến khoảng 1,67 triệu tỷ, tăng hơn 6% thực hiện năm trước đó.\r\n\r\nÔng Phớc cho hay năm sau, để đủ nguồn chi trả lương cho khu vực công theo lương cơ sở 2,34 triệu đồng một tháng, ngoài ngân sách, Chính phủ dự kiến sử dụng 110.000 tỷ đồng từ nguồn tích lũy tiền lương. Theo đó, dự toán chi ngân sách năm sau gần 2,55 triệu tỷ đồng.\r\n\r\nBội chi 2025 dự kiến 471.500 tỷ đồng, tương đương 3,8% GDP. Nợ công khoảng 36-37% GDP, nợ Chính phủ 34-35% GDP, trong giới hạn Quốc hội cho phép (60% GDP).\r\n\r\nMức dự toán này, theo Phó thủ tướng Hồ Đức Phớc là tích cực trong bối cảnh kinh tế xã hội trong và ngoài nước còn tiềm ẩn rủi ro, thách thức. Kế hoạch phân bổ ngân sách, ông cho biết sẽ ưu tiên cho chi đầu tư phát triển, cũng như bố trí đủ nguồn chi lương cho khu vực công, lương hưu, trợ cấp bảo hiểm xã hội, trợ cấp ưu đãi người có công và các chính sách an sinh xã hội khác.\r\n\r\nTuy vậy, theo ông, dự toán thu ngân sách còn rủi ro trong bối cảnh thu khó khăn, thị trường bất động sản chưa phục hồi rõ rệt, cổ phần hóa chậm. Cùng với đó, áp lực chi rất lớn, nhất là các nhiệm vụ cấp bách, dự án quan trọng. \"Nhiều bộ ngành, địa phương phản ánh việc liên tục tiết kiệm chi nhiều năm dẫn tới khó khăn cho họ trong tổ chức thực hiện\", Phó thủ tướng nói, thêm rằng nhu cầu vay năm sau là 800.000 tỷ đồng - mức cao nhất từ trước đến nay.\r\n\r\nĐể đảm bảo cân đối ngân sách, Chính phủ kiến nghị năm 2025 chưa xem xét tăng lương hưu, lương khu vực công, trợ cấp ưu đãi người có công. \"Trong điều hành, Chính phủ sẽ rà soát, báo cáo cấp có thẩm quyền xử lý bất hợp lý của một số đối tượng, ngành nghề như y tế, giáo dục\", ông Phớc nói thêm.\r\n\r\n<img src=\"https://i1-kinhdoanh.vnecdn.net/2024/10/22/Ho-Duc-Phoc-22-10-7448-1729571834.jpg?w=680&h=0&q=100&dpr=1&fit=crop&s=UrLUtDEIjeQCG4076afldQ\">\r\nPhó thủ tướng kiêm Bộ trưởng Tài chính Hồ Đức Phớc báo cáo tại Quốc hội, sáng 22/10. Ảnh: Giang Huy\r\n\r\nTrước đó, từ 1/7, khoảng 3,3 triệu người được tăng lương hưu, trợ cấp bảo hiểm xã hội, trợ cấp hàng tháng 15%. Theo đó, với người hưởng lương hưu trước năm 1995, sau khi điều chỉnh mà có mức hưởng thấp hơn 3,2 triệu đồng một tháng thì tăng 300.000 đồng. Người có mức hưởng mỗi tháng từ 3,2 đến dưới 3,5 triệu, thì điều chỉnh bằng 3,5 triệu đồng. Trợ cấp ưu đãi người có công lên gần 2,79 triệu đồng một tháng; trợ giúp xã hội là 500.000 đồng một tháng.\r\n\r\nCũng tại tờ trình hôm nay, Chính phủ kiến nghị mở rộng phạm vi sử dụng nguồn tích lũy dành cho cải cách tiền lương của ngân sách trung ương, địa phương nhằm điều chỉnh một số chính sách lương hưu, trợ cấp, tinh giản biên chế.\r\n\r\nNgoài ra, Chính phủ cũng muốn Quốc hội cho phép dùng một phần quỹ tích lũy tiền lương của ngân sách trung ương, địa phương còn dư (dự kiến 110.000 tỷ đồng) để bố trí chi lương cơ sở 2,34 triệu đồng một tháng cho các bộ ngành, cơ quan. Các địa phương có nguồn cải cách tiền lương lớn có thể được xem xét sử dụng nguồn này vào đầu tư dự án kết nối vùng, quốc gia, công trình trọng điểm. Điều kiện là địa phương phải cam kết đảm bảo nguồn cải cách tiền lương tới 2030 và không đề nghị ngân sách trung ương hỗ trợ.', 'Ho-Duc-Phoc-22-10-7448-1729571834.jpg', 4, 0, 100, '2024-10-24 03:10:48', '2024-10-24 03:10:48', 1),
(20, 'Kiến nghị năm 2025 chưa tăng lương hưu, lương công chức', 'Chính phủ kiến nghị chưa tăng lương hưu, công chức, trợ cấp xã hội năm sau và sẽ xử lý bất hợp lý của một số ngành như y tế, giáo dục.', 'Chính phủ kiến nghị chưa tăng lương hưu, công chức, trợ cấp xã hội năm sau và sẽ xử lý bất hợp lý của một số ngành như y tế, giáo dục.\r\n\r\nSáng 22/10, thừa ủy quyền của Thủ tướng, Phó thủ tướng Hồ Đức Phớc báo cáo về thực hiện ngân sách 2024, dự toán năm 2025.\r\n\r\nTheo đó, Chính phủ lập dự toán ngân sách Nhà nước năm 2025 hơn 1,96 triệu tỷ đồng, tăng 15,6% so với 2024. Trong đó, thu nội địa dự kiến khoảng 1,67 triệu tỷ, tăng hơn 6% thực hiện năm trước đó.\r\n\r\nÔng Phớc cho hay năm sau, để đủ nguồn chi trả lương cho khu vực công theo lương cơ sở 2,34 triệu đồng một tháng, ngoài ngân sách, Chính phủ dự kiến sử dụng 110.000 tỷ đồng từ nguồn tích lũy tiền lương. Theo đó, dự toán chi ngân sách năm sau gần 2,55 triệu tỷ đồng.\r\n\r\nBội chi 2025 dự kiến 471.500 tỷ đồng, tương đương 3,8% GDP. Nợ công khoảng 36-37% GDP, nợ Chính phủ 34-35% GDP, trong giới hạn Quốc hội cho phép (60% GDP).\r\n\r\nMức dự toán này, theo Phó thủ tướng Hồ Đức Phớc là tích cực trong bối cảnh kinh tế xã hội trong và ngoài nước còn tiềm ẩn rủi ro, thách thức. Kế hoạch phân bổ ngân sách, ông cho biết sẽ ưu tiên cho chi đầu tư phát triển, cũng như bố trí đủ nguồn chi lương cho khu vực công, lương hưu, trợ cấp bảo hiểm xã hội, trợ cấp ưu đãi người có công và các chính sách an sinh xã hội khác.\r\n\r\nTuy vậy, theo ông, dự toán thu ngân sách còn rủi ro trong bối cảnh thu khó khăn, thị trường bất động sản chưa phục hồi rõ rệt, cổ phần hóa chậm. Cùng với đó, áp lực chi rất lớn, nhất là các nhiệm vụ cấp bách, dự án quan trọng. \"Nhiều bộ ngành, địa phương phản ánh việc liên tục tiết kiệm chi nhiều năm dẫn tới khó khăn cho họ trong tổ chức thực hiện\", Phó thủ tướng nói, thêm rằng nhu cầu vay năm sau là 800.000 tỷ đồng - mức cao nhất từ trước đến nay.\r\n\r\nĐể đảm bảo cân đối ngân sách, Chính phủ kiến nghị năm 2025 chưa xem xét tăng lương hưu, lương khu vực công, trợ cấp ưu đãi người có công. \"Trong điều hành, Chính phủ sẽ rà soát, báo cáo cấp có thẩm quyền xử lý bất hợp lý của một số đối tượng, ngành nghề như y tế, giáo dục\", ông Phớc nói thêm.\r\n\r\n<img src=\"https://i1-kinhdoanh.vnecdn.net/2024/10/22/Ho-Duc-Phoc-22-10-7448-1729571834.jpg?w=680&h=0&q=100&dpr=1&fit=crop&s=UrLUtDEIjeQCG4076afldQ\">\r\nPhó thủ tướng kiêm Bộ trưởng Tài chính Hồ Đức Phớc báo cáo tại Quốc hội, sáng 22/10. Ảnh: Giang Huy\r\n\r\nTrước đó, từ 1/7, khoảng 3,3 triệu người được tăng lương hưu, trợ cấp bảo hiểm xã hội, trợ cấp hàng tháng 15%. Theo đó, với người hưởng lương hưu trước năm 1995, sau khi điều chỉnh mà có mức hưởng thấp hơn 3,2 triệu đồng một tháng thì tăng 300.000 đồng. Người có mức hưởng mỗi tháng từ 3,2 đến dưới 3,5 triệu, thì điều chỉnh bằng 3,5 triệu đồng. Trợ cấp ưu đãi người có công lên gần 2,79 triệu đồng một tháng; trợ giúp xã hội là 500.000 đồng một tháng.\r\n\r\nCũng tại tờ trình hôm nay, Chính phủ kiến nghị mở rộng phạm vi sử dụng nguồn tích lũy dành cho cải cách tiền lương của ngân sách trung ương, địa phương nhằm điều chỉnh một số chính sách lương hưu, trợ cấp, tinh giản biên chế.\r\n\r\nNgoài ra, Chính phủ cũng muốn Quốc hội cho phép dùng một phần quỹ tích lũy tiền lương của ngân sách trung ương, địa phương còn dư (dự kiến 110.000 tỷ đồng) để bố trí chi lương cơ sở 2,34 triệu đồng một tháng cho các bộ ngành, cơ quan. Các địa phương có nguồn cải cách tiền lương lớn có thể được xem xét sử dụng nguồn này vào đầu tư dự án kết nối vùng, quốc gia, công trình trọng điểm. Điều kiện là địa phương phải cam kết đảm bảo nguồn cải cách tiền lương tới 2030 và không đề nghị ngân sách trung ương hỗ trợ.', 'Ho-Duc-Phoc-22-10-7448-1729571834.jpg', 4, 0, 11, '2024-10-24 03:10:48', '2024-10-24 03:10:48', 3),
(21, 'Ông Trump \'như hổ thêm cánh\' khi đảng Cộng hòa kiểm soát lưỡng viện', 'Việc đảng Cộng hòa kiểm soát lưỡng viện sẽ \"chắp thêm cánh\" cho ông Trump, giúp ông dễ dàng theo đuổi chương trình nghị sự bảo thủ của mình.', 'Truyền thông Mỹ hôm nay xác định đảng Cộng hòa đã giành quyền kiểm soát Hạ viện Mỹ, khi đạt được tối thiểu 218 ghế cần thiết để nắm thế đa số tại cơ quan lập pháp này. Trước đó, đảng Cộng hòa cũng giành thế đa số tại Thượng viện với 53 trên tổng số 100 ghế.\r\n\r\nVới kết quả này, đảng Cộng hòa đã giành \"cú ăn ba\" ngoạn mục trong năm nay, khi kiểm soát cả Nhà Trắng, Thượng viện lẫn Hạ viện. Điều này giúp Tổng thống thứ 47 của Mỹ Donald Trump như \"hổ mọc thêm cánh\", sau chiến thắng vang dội trên đường đua Nhà Trắng.\r\n\r\n<img src=\"https://i1-vnexpress.vnecdn.net/2024/11/12/AFP-20241104-36LJ7CK-v3-HighRe-9432-1614-1731395750.jpg?w=1020&h=0&q=100&dpr=1&fit=crop&s=pZx8HkTLSdgSgJGGmblOBA\">\r\nÔng Donald Trump tại sự kiện vận động tranh cử ở Raleigh, Bắc Carolina ngày 4/11. Ảnh: AFP\r\n\r\nLần gần đây nhất đảng Cộng hòa kiểm soát cả Nhà Trắng, Thượng viện và Hạ viện là giai đoạn 2017-2018, hai năm đầu tiên trong nhiệm kỳ thứ nhất của ông Trump.\r\n\r\nTrong hai năm này, ông Trump đã ký thông qua hàng chục dự luật, trong đó có khoản cắt giảm thuế 1.500 tỷ USD. Đảng Dân chủ làm được điều tương tự vào năm 2021-2022, dưới thời Tổng thống Joe Biden, giúp họ dễ dàng thông qua Đạo luật Giảm lạm phát trị giá 430 tỷ USD.\r\n\r\nNắm giữ tất cả các đòn bẩy quyền lực vào năm 2009 và 2010, tổng thống Barack Obama khi đó đã thúc đẩy Đạo luật Phục hồi và Tái đầu tư Mỹ, một cuộc đại tu lớn đối với lĩnh vực tài chính, đồng thời phê chuẩn Đạo luật Chăm sóc Sức khỏe Giá cả phải chăng.\r\n\r\nVới chính quyền Trump tương lai, việc đảng Cộng hòa giành lại quyền kiểm soát Thượng viện, nơi sẽ phê chuẩn các vị trí nội các cũng như những đề cử tư pháp, sẽ giúp quá trình lựa chọn nhân sự của Tổng thống đắc cử trở nên thuận lợi hơn.\r\n\r\nCác phiên điều trần phê chuẩn nội các mới tại Thượng viện có thể căng thẳng và kéo dài khi ứng viên được đề cử là người gây nhiều tranh cãi. Trong vài trường hợp hiếm hoi, tổng thống buộc phải rút lại đề cử nếu người đó không có đủ số phiếu ủng hộ tại Thượng viện.\r\n\r\nTrong nhiệm kỳ thứ nhất, ông Trump từng phải rút lại đề cử Patrick Shanahan làm bộ trưởng quốc phòng khi ông này bị cáo buộc có hành vi bạo lực gia đình và từ bỏ nỗ lực bổ nhiệm Ronny Jackson làm bộ trưởng cựu binh vì mối lo ngại về việc ông này không có đủ kinh nghiệm quản lý.\r\n\r\nTổng thống Biden từng phải rút lại đề cử với Neera Tanden cho vị trí lãnh đạo Văn phòng Quản lý và Ngân sách vì những ý kiến nói rằng bà quá thiên vị.\r\n\r\nNhưng hầu hết các đề cử nội các đều thành công khi Nhà Trắng và Thượng viện do cùng một đảng kiểm soát, theo giới quan sát. Ngoài ra, lịch sử cho thấy một tổng thống mới nhậm chức thường được hưởng mức độ thoải mái nhất định khi đưa ra các lựa chọn nhân sự ban đầu nếu Thượng viện do đảng của ông điều hành.\r\n\r\nKhông giống như chiến thắng bất ngờ của ông Trump năm 2016, các lãnh đạo Cộng hòa tại Hạ viện và Thượng viện đã chuẩn bị trong nhiều tháng qua cho kịch bản kiểm soát lưỡng viện quốc hội. Mục tiêu của họ là nhanh chóng bắt tay vào soạn thảo những phần chính yếu trong chương trình nghị sự của chính quyền Trump, bắt đầu bằng một gói kinh tế lớn tập trung vào thuế, chính sách năng lượng, an ninh biên giới và bãi bỏ những quy định thời Biden mà họ cho là không phù hợp.\r\n\r\nChủ tịch Hạ viện Mike Johnson, người đã củng cố quyền lực bằng cách thúc đẩy mối quan hệ gần gũi với ông Trump, đã nhiều lần nói chuyện trực tiếp với Tổng thống đắc cử về những gì họ có thể đạt được khi đảng Cộng hòa thắng thế ở cả Thượng viện và Hạ viện, CNN dẫn lời một nguồn thạo tin cho biết.', 'AFP-20241104-36LJ7CK-v3-HighRe-9432-1614-1731395750.jpg', 1, 13, 203, '2024-11-14 03:29:32', '2024-11-14 03:29:32', 1),
(22, 'FPT - Nvidia hợp tác xây \'nhà máy AI\', đưa Việt Nam thành quốc gia AI', 'Lãnh đạo FPT, Nvidia cùng các tập đoàn toàn cầu công bố xây dựng Nhà máy AI tại Việt Nam và Nhật Bản, hiện thực hóa tầm nhìn chung trong việc trở thành các quốc gia AI, ngày 14/11.', 'Ra mắt dự án nhà máy AI tại Việt Nam và Nhật Bản\r\n10 lãnh đạo cao cấp FPT cùng 6 đại diện đến từ Nvidia, SCSK, Hewlett Packard Enterprise, Asus, Data Direct Networks (DDN), VAST Data thực hiện nghi lễ công bố ra mắt AI Factory tại Việt Nam và Nhật Bản.\r\n\r\nFPT AI Factory là một bộ công cụ toàn diện để phát triển AI từ đầu đến cuối. Mọi doanh nghiệp đều có thể tạo ra sức cạnh tranh dựa trên dữ liệu, kiến thức và văn hóa của riêng mình với FPT AI Factory. Thông qua hệ sinh thái đối tác để phát triển và vận hành FPT AI Factory, các đơn vị cam kết tập hợp các nguồn lực và chuyên môn của mình để giải phóng toàn bộ tiềm năng của FPT AI Factory như một nguồn năng lượng thúc đẩy đổi mới mang tính chuyển đổi.\r\n\r\nTrước đó, vào tháng 4 năm 2024, FPT và Nvidia đã công bố phát triển nhà máy AI với nguồn vốn đầu tư 200 triệu USD. Cùng với nhà máy AI tại Nhật Bản, các bên hướng đến phát triển AI có chủ quyền cho Việt Nam, Nhật Bản, \"hiện thực hóa tầm nhìn chung trong việc trở thành các quốc gia AI\".\r\n\r\nChia sẻ:\r\nFacebook\r\nTwitter\r\nSao chép liên kết\r\n09h40\r\nNvidia: Tốc độ GPU đã tăng tốc một triệu lần trong 10 năm\r\nSau phát biểu mở màn của ông Trương Gia Bình, diễn giả đầu tiên bước lên sân khấu là ông Dennis Ang, Giám đốc cấp cao mảng Kinh doanh doanh nghiệp tại ASEAN, Australia và New Zealand của Nvidia. Để làm rõ nét thông điệp \"Chuyển đổi ngay bây giờ\", ông Dennis Ang nói về sức mạnh phần cứng - nền tảng để tạo bước tiến cho phần mềm.\r\n\r\n<img src=\"https://i1-sohoa.vnecdn.net/2024/11/14/z6030686244040-2f38491b24395d2-6743-9988-1731553948.jpg?w=1020&h=0&q=100&dpr=1&fit=crop&s=qGdp9UIxRRLi2ZThIxzfhA\">\r\nÔng Dennis Ang, Giám đốc cấp cao mảng Kinh doanh doanh nghiệp tại ASEAN, Australia và New Zealand của Nvidia. Ảnh: Thanh Tùng\r\n\r\nTrước khi đi vào giải pháp cụ thể, ông sơ lược về sự phát triển GPU và tập đoàn. Thành lập từ năm 1993, Nvidia hiện trở thành tập đoàn đa quốc gia, chuyên về phát triển bộ xử lý đồ họa (GPU) và công nghệ chipset cho các máy trạm, máy tính cá nhân, thiết bị di động.\r\n\r\nBộ phận xử lý đồ họa (GPU - graphics processing unit) là một vi mạch chuyên dụng được thiết kế để thao tác và truy cập bộ nhớ đồ họa một cách nhanh chóng, đẩy nhanh việc tạo ra các hình ảnh trong bộ đệm khung hình (framebuffer) trước khi xuất ra màn hình hiển thị. GPU được sử dụng trong các hệ thống nhúng, điện thoại di động, máy tính cá nhân, máy trạm và máy chơi trò chơi điện tử video (console). Thuật ngữ này được đưa vào sử dụng phổ biến sau khi Nvidia quảng cáo GeForce 256 của mình là \"GPU đầu tiên trên thế giới\" vào năm 1999.', 'z6030686244040-2f38491b24395d2-6743-9988-1731553948.jpg', 1, 3, 102, '2024-11-14 03:34:30', '2024-11-14 03:34:30', 2),
(23, 'Tiền vệ Tottenham nguy cơ bị cấm 7 trận vì đụng chạm Son Heung-min', 'AnhTiền vệ Rodrigo Bentacur đối diện án phạt nặng từ Liên đoàn Bóng đá Anh (FA) vì phát biểu phân biệt chủng tộc với đồng đội Son Heung-min.', 'AnhTiền vệ Rodrigo Bentacur đối diện án phạt nặng từ Liên đoàn Bóng đá Anh (FA) vì phát biểu phân biệt chủng tộc với đồng đội Son Heung-min.\r\n\r\nNguồn cơn đến từ buổi phỏng vấn của Bentancur trong chương trình truyền hình Por La Camiseta ở quê nhà Uruguay hồi tháng 6. Khi được đề nghị tặng áo đấu của cầu thủ Tottenham, tiền vệ Uruguay trả lời \"Của Sonny à?\", ám chỉ đồng đội Son Heung-min, rồi nói thêm: \"Cũng có thể là của anh em họ Sonny vì ít nhiều thì họ đều giống nhau\".\r\n\r\n<img src=\"https://i1-thethao.vnecdn.net/2024/11/14/son-JPG-7547-1731541249.jpg?w=1020&h=0&q=100&dpr=1&fit=crop&s=78hueAAcHFoYGb0D1D962A\">\r\nRodrigo Bentacur trong chương trình truyền hình Por La Camiseta hồi tháng 6/2024. Ảnh chụp màn hình\r\n\r\nHồi đầu mùa giải, FA cáo buộc Bentancur \"vi phạm nghiêm trọng\" quy tắc E3.2 vì những phát biểu \"có sự ám chỉ, dù là rõ ràng hay ngụ ý, đến quốc tịch và/hoặc chủng tộc và/hoặc nguồn gốc dân tộc\". Bentancur còn bị cáo buộc vi phạm quy tắc E3.1 khi có hành động không đúng mực và/hoặc sử dụng những từ ngữ lăng mạ và/hoặc xúc phạm và/hoặc ảnh hưởng xấu tới môn thể thao.\r\n\r\nVì thế, Bentancur nguy cơ bị cấm thi đấu từ sáu đến 12 trận. Theo báo Anh Sportmail ngày 13/11, FA sẽ quyết định án phạt treo giò bảy trận, khiến tiền vệ 27 tuổi phải ngồi ngoài gần hết năm 2024.\r\n\r\nBentancur đã xin lỗi Son ngay sau vụ việc, cho rằng đó chỉ là trò đùa dở tệ. Tiền vệ Uruguay viết trên mạng xã hội khi đó: \"Bạn thừa biết rằng tôi yêu quý bạn, và không bao giờ có ý định thiếu tôn trọng hay làm tổn thương bạn hoặc bất kỳ ai khác\".\r\n\r\nTiền đạo Hàn Quốc chấp nhận lời xin lỗi, và tiết lộ Bentancur gần như bật khóc khi bị cáo buộc phân biệt chủng tộc. Son không biết về sự việc cho đến khi nhận được tin nhắn dài từ Bentancur và khẳng định hai người có nhiều kỷ niệm đẹp trong màu áo Tottenham. \"Chúng ta đều là con người, đều mắc sai lầm và học hỏi từ đó\", Son nói hồi tháng 9.\r\n\r\nTottenham thông báo sẽ hỗ trợ FA trong việc giải quyết vấn đề, đồng thời lên kế hoạch giáo dục về bình đẳng và tôn trọng văn hóa cho toàn đội. CLB London khẳng định tự hào về tính đa dạng trong đội hình và không có chỗ cho bất kỳ sự phân biệt nào.', 'son-JPG-7547-1731541249.jpg', 1, 1200, 3000, '2024-11-14 03:34:30', '2024-11-14 03:34:30', 4);

-- --------------------------------------------------------

--
-- Cấu trúc bảng cho bảng `users`
--

CREATE TABLE `users` (
  `id` int(11) NOT NULL,
  `name` varchar(225) NOT NULL
) ENGINE=InnoDB DEFAULT CHARSET=utf8mb4 COLLATE=utf8mb4_general_ci;

--
-- Đang đổ dữ liệu cho bảng `users`
--

INSERT INTO `users` (`id`, `name`) VALUES
(1, 'Huỳnh Văn Duy'),
(2, 'Nguyễn Văn A'),
(3, 'DuyChili'),
(4, 'Văn Duy Huỳnh '),
(5, 'Huỳnh B');

--
-- Chỉ mục cho các bảng đã đổ
--

--
-- Chỉ mục cho bảng `categoryes`
--
ALTER TABLE `categoryes`
  ADD PRIMARY KEY (`id`);

--
-- Chỉ mục cho bảng `items`
--
ALTER TABLE `items`
  ADD PRIMARY KEY (`id`);

--
-- Chỉ mục cho bảng `users`
--
ALTER TABLE `users`
  ADD PRIMARY KEY (`id`);

--
-- AUTO_INCREMENT cho các bảng đã đổ
--

--
-- AUTO_INCREMENT cho bảng `categoryes`
--
ALTER TABLE `categoryes`
  MODIFY `id` int(11) NOT NULL AUTO_INCREMENT, AUTO_INCREMENT=6;

--
-- AUTO_INCREMENT cho bảng `items`
--
ALTER TABLE `items`
  MODIFY `id` int(11) NOT NULL AUTO_INCREMENT, AUTO_INCREMENT=24;

--
-- AUTO_INCREMENT cho bảng `users`
--
ALTER TABLE `users`
  MODIFY `id` int(11) NOT NULL AUTO_INCREMENT, AUTO_INCREMENT=6;
COMMIT;

/*!40101 SET CHARACTER_SET_CLIENT=@OLD_CHARACTER_SET_CLIENT */;
/*!40101 SET CHARACTER_SET_RESULTS=@OLD_CHARACTER_SET_RESULTS */;
/*!40101 SET COLLATION_CONNECTION=@OLD_COLLATION_CONNECTION */;
